id,message,category,priority,sentiment,product,suggested_reply,method
1,The payment page crashes every time I click 'Checkout' on Chrome. Please fix this ASAP!,Bug Report,Urgent,Negative,Payment Page,"Hi, thank you for reporting the problem with Payment Page. We are sorry for the trouble. Our team is looking into it and will update you soon.",rules
2,"Hi team, it would be awesome if you could add a dark mode to the mobile app.",Feature Request,Medium,Positive,Dark Mode,"Hi, thank you for the suggestion about Dark Mode. We have shared it with our product team and will let you know if it is planned.",rules
5,I was charged twice for my subscription this month. Please refund the extra payment.,Billing Issue,High,Negative,Subscription,"Hi, thank you for contacting us about Subscription. We are sorry for the confusion. Our billing team will review your account and reply shortly.",rules
8,How do I export my monthly report to PDF?,General Inquiry,Low,Neutral,Export,"Hi, thank you for your message about Export. A member of our team will get back to you with an answer soon.",rules
9,"I love the new dashboard, it is amazing and very easy to use. Thanks!",General Inquiry,Low,Positive,Dashboard,"Hi, thank you for your message about Dashboard. A member of our team will get back to you with an answer soon.",rules
10,I cannot log in to my account. The password reset email never arrives and I need access immediately.,Bug Report,Urgent,Negative,Login,"Hi, thank you for reporting the problem with Login. We are sorry for the trouble. Our team is looking into it and will update you soon.",rules
12,The search feature is very slow and sometimes shows an error. Really disappointing.,Bug Report,Medium,Negative,Search,"Hi, thank you for reporting the problem with Search. We are sorry for the trouble. Our team is looking into it and will update you soon.",rules
13,Could you add support for exporting invoices as Excel files?,Feature Request,Medium,Neutral,Export,"Hi, thank you for the suggestion about Export. We have shared it with our product team and will let you know if it is planned.",rules
14,Is there an API available for connecting your service to our CRM?,General Inquiry,Low,Neutral,API,"Hi, thank you for your message about API. A member of our team will get back to you with an answer soon.",rules
15,Where can I find the invoice for last month? The billing page shows nothing.,Billing Issue,Medium,Neutral,Invoices,"Hi, thank you for contacting us about Invoices. We are sorry for the confusion. Our billing team will review your account and reply shortly.",rules
16,My mobile app freezes every time I open the notification settings. This is really frustrating.,Bug Report,Medium,Negative,Mobile App,"Hi, thank you for reporting the problem with Mobile App. We are sorry for the trouble. Our team is looking into it and will update you soon.",rules
18,I was charged $49.99 but I cancelled my subscription last week. I need a refund immediately.,Billing Issue,Urgent,Neutral,Subscription,"Hi, thank you for contacting us about Subscription. We are sorry for the confusion. Our billing team will review your account and reply shortly.",rules
