id,message
1,"The payment page crashes every time I click 'Checkout' on Chrome. Please fix this ASAP!"
2,"Hi team, it would be awesome if you could add a dark mode to the mobile app."
3,"Hello, hope you are having a nice day!"
4,"hi"
5,"I was charged twice for my subscription this month. Please refund the extra payment."
6,"CONGRATULATIONS! You have won a free iPhone. Click here to claim your prize."
7,"Get 50% off all plans this weekend only! Use promo code SAVE50. Unsubscribe anytime."
8,"How do I export my monthly report to PDF?"
9,"I love the new dashboard, it is amazing and very easy to use. Thanks!"
10,"I cannot log in to my account. The password reset email never arrives and I need access immediately."
11,"hello"
12,"The search feature is very slow and sometimes shows an error. Really disappointing."
13,"Could you add support for exporting invoices as Excel files?"
14,"Is there an API available for connecting your service to our CRM?"
15,"Where can I find the invoice for last month? The billing page shows nothing."
16,"My mobile app freezes every time I open the notification settings. This is really frustrating."
17,"hey there"
18,"I was charged $49.99 but I cancelled my subscription last week. I need a refund immediately."